{
	"trainName": "Minecart_597mm",
	"trainType": "CC",
	"trainModel2": {
		"modelFile": "minecart_597.mqo",
		"textures": [["default", "textures/entity/minecart.png", ""]]
	},
	"bogieModel2": {
		"modelFile": "ModelBogie.class",
		"textures": [["default", "textures/train/tp.png"]]
	},

	"buttonTexture": "textures/train/button_minecart_597.png",
	"sound_Stop": "",
	"sound_S_A": "minecraft:minecart.base",
	"sound_Acceleration": "minecraft:minecart.base",
	"sound_Deceleration": "minecraft:minecart.base",
	"sound_D_S": "minecraft:minecart.base",
	"sound_Horn": "",

	"seatPos": [],
	"playerPos": [
		[0.0, -1.5, 0.3],
		[0.0, -1.5, -0.3]
	],
	"bogiePos": [
		[0.0, 0.0, 0.5],
		[0.0, 0.0, -0.5]
	],
	"jointDelay" : [[0.0], [0.0]],
	"maxSpeed": [0.1, 0.2, 0.3, 0.4, 0.4],
	"trainDistance": 0.5,
	"isSingleTrain": true,
	"doCulling": true,
	"rollSpeedCoefficient":0.25,
	"rollVariationCoefficient":0.51,
	"rollWidthCoefficient":1.25,
	"tags": "anatawa12 minecart 597"
}
