{
	"name": "AISVan",
	"model": {
		"modelFile": "AISVan.mqo",
		"textures": [["default", "textures/car/AISVan.png", ""]]
	},
	"buttonTexture": "textures/car/button_AISVan.png",
	"vehicleType": "Car", 
	"friction" : [0.2, 0.2],
	"acceleration": [0.5, 0.5],
	"maxSpeed": [100.0, 100.0],
	"maxYaw": [15.0, 15.0],
	"yawCoefficient": [10, 10],
	"pitchCoefficient": [5, 5],
	"rollCoefficient": [45.0, 45.0],
	"changeYawOnStopping": true,

	"smoothing": true,
	"doCulling": true,
	"playerPos": [
		[0.0, 0.25, 0.75, 2]
	]
}
